TeamId,TeamCity,TeamName,Event Id,Event Date UTC,Event Date Local
2802,Anaheim,Ducks,103043876,2018-03-03 03:00:00+00:00,2018-03-02 19:00:00-08:00
2802,Anaheim,Ducks,103043901,2018-04-05 02:00:00+00:00,2018-04-04 19:00:00-07:00
2802,Anaheim,Ducks,103043867,2018-02-22 03:00:00+00:00,2018-02-21 19:00:00-08:00
2802,Anaheim,Ducks,103043891,2018-03-17 02:00:00+00:00,2018-03-16 19:00:00-07:00
2802,Anaheim,Ducks,103043903,2018-04-07 02:00:00+00:00,2018-04-06 19:00:00-07:00
2802,Anaheim,Ducks,103043847,2018-01-24 03:00:00+00:00,2018-01-23 19:00:00-08:00
2802,Anaheim,Ducks,103043861,2018-02-10 03:00:00+00:00,2018-02-09 19:00:00-08:00
2802,Anaheim,Ducks,103043842,2018-01-20 03:00:00+00:00,2018-01-19 19:00:00-08:00
2802,Anaheim,Ducks,103043888,2018-03-15 02:00:00+00:00,2018-03-14 19:00:00-07:00
2802,Anaheim,Ducks,103043893,2018-03-19 01:00:00+00:00,2018-03-18 18:00:00-07:00
2802,Anaheim,Ducks,103043865,2018-02-12 01:00:00+00:00,2018-02-11 17:00:00-08:00
2802,Anaheim,Ducks,103043840,2018-01-18 03:00:00+00:00,2018-01-17 19:00:00-08:00
2802,Anaheim,Ducks,103043881,2018-03-04 21:00:00+00:00,2018-03-04 13:00:00-08:00
2802,Anaheim,Ducks,103043886,2018-03-13 02:00:00+00:00,2018-03-12 19:00:00-07:00
2802,Anaheim,Ducks,103043872,2018-02-26 01:00:00+00:00,2018-02-25 17:00:00-08:00
2802,Anaheim,Ducks,103043883,2018-03-07 03:00:00+00:00,2018-03-06 19:00:00-08:00
2802,Anaheim,Ducks,103043896,2018-03-31 02:00:00+00:00,2018-03-30 19:00:00-07:00
2802,Anaheim,Ducks,103043849,2018-01-26 03:00:00+00:00,2018-01-25 19:00:00-08:00
2802,Anaheim,Ducks,103043844,2018-01-22 02:00:00+00:00,2018-01-21 18:00:00-08:00
2802,Anaheim,Ducks,103043898,2018-04-02 01:00:00+00:00,2018-04-01 18:00:00-07:00
2802,Anaheim,Ducks,103043830,2017-12-30 03:00:00+00:00,2017-12-29 19:00:00-08:00
2802,Anaheim,Ducks,103043832,2017-12-31 21:00:00+00:00,2017-12-31 13:00:00-08:00
2802,Anaheim,Ducks,103043823,2017-12-28 03:00:00+00:00,2017-12-27 19:00:00-08:00
2769,Chicago,Blackhawks,103044195,2018-01-11 01:00:00+00:00,2018-01-10 19:00:00-06:00
2769,Chicago,Blackhawks,103044256,2018-01-25 01:00:00+00:00,2018-01-24 19:00:00-06:00
2769,Chicago,Blackhawks,103044263,2018-01-06 01:30:00+00:00,2018-01-05 19:30:00-06:00
2769,Chicago,Blackhawks,103044269,2018-02-18 01:30:00+00:00,2018-02-17 19:30:00-06:00
2769,Chicago,Blackhawks,103044133,2018-02-16 01:30:00+00:00,2018-02-15 19:30:00-06:00
2769,Chicago,Blackhawks,103044146,2018-02-07 01:30:00+00:00,2018-02-06 19:30:00-06:00
2769,Chicago,Blackhawks,103044152,2018-03-07 01:30:00+00:00,2018-03-06 19:30:00-06:00
2769,Chicago,Blackhawks,103044150,2018-03-09 01:30:00+00:00,2018-03-08 19:30:00-06:00
2769,Chicago,Blackhawks,103044185,2018-02-20 01:30:00+00:00,2018-02-19 19:30:00-06:00
2769,Chicago,Blackhawks,103044279,2018-03-30 00:30:00+00:00,2018-03-29 19:30:00-05:00
2769,Chicago,Blackhawks,103044138,2018-03-11 16:30:00+00:00,2018-03-11 11:30:00-05:00
2769,Chicago,Blackhawks,103044216,2018-01-21 01:30:00+00:00,2018-01-20 19:30:00-06:00
2769,Chicago,Blackhawks,103044226,2018-02-22 01:00:00+00:00,2018-02-21 19:00:00-06:00
2769,Chicago,Blackhawks,103044168,2018-01-15 00:00:00+00:00,2018-01-14 18:00:00-06:00
2769,Chicago,Blackhawks,103044247,2018-04-07 00:30:00+00:00,2018-04-06 19:30:00-05:00
2769,Chicago,Blackhawks,103044236,2018-02-24 01:30:00+00:00,2018-02-23 19:30:00-06:00
2769,Chicago,Blackhawks,103044260,2018-03-23 00:30:00+00:00,2018-03-22 19:30:00-05:00
2769,Chicago,Blackhawks,103044273,2018-01-13 01:30:00+00:00,2018-01-12 19:30:00-06:00
2769,Chicago,Blackhawks,103044242,2018-03-18 23:30:00+00:00,2018-03-18 18:30:00-05:00
2769,Chicago,Blackhawks,103044251,2018-01-23 01:30:00+00:00,2018-01-22 19:30:00-06:00
2769,Chicago,Blackhawks,103044165,2018-02-09 01:30:00+00:00,2018-02-08 19:30:00-06:00
2769,Chicago,Blackhawks,103044191,2017-12-18 00:00:00+00:00,2017-12-17 18:00:00-06:00
2769,Chicago,Blackhawks,103044174,2018-01-07 20:00:00+00:00,2018-01-07 14:00:00-06:00
2769,Chicago,Blackhawks,103044239,2018-03-27 00:30:00+00:00,2018-03-26 19:30:00-05:00
2769,Chicago,Blackhawks,103044155,2018-03-21 00:30:00+00:00,2018-03-20 19:30:00-05:00
3085,Carolina,Hurricanes,103186588,2018-01-21 17:00:00+00:00,2018-01-21 12:00:00-05:00
3085,Carolina,Hurricanes,103045420,2018-04-07 23:00:00+00:00,2018-04-07 19:00:00-04:00
3085,Carolina,Hurricanes,103045396,2018-03-17 23:00:00+00:00,2018-03-17 19:00:00-04:00
3085,Carolina,Hurricanes,103045333,2018-02-03 00:00:00+00:00,2018-02-02 19:00:00-05:00
3085,Carolina,Hurricanes,103045315,2018-01-13 00:30:00+00:00,2018-01-12 19:30:00-05:00
3085,Carolina,Hurricanes,103045301,2017-12-24 00:00:00+00:00,2017-12-23 19:00:00-05:00
3085,Carolina,Hurricanes,103045404,2018-03-22 23:00:00+00:00,2018-03-22 19:00:00-04:00
3085,Carolina,Hurricanes,103045389,2018-03-13 23:00:00+00:00,2018-03-13 19:00:00-04:00
3085,Carolina,Hurricanes,103045363,2018-02-17 00:30:00+00:00,2018-02-16 19:30:00-05:00
3085,Carolina,Hurricanes,103045343,2018-02-07 00:00:00+00:00,2018-02-06 19:00:00-05:00
3085,Carolina,Hurricanes,103045413,2018-03-31 23:00:00+00:00,2018-03-31 19:00:00-04:00
3085,Carolina,Hurricanes,103045382,2018-03-05 00:00:00+00:00,2018-03-04 19:00:00-05:00
3085,Carolina,Hurricanes,103045410,2018-03-26 23:00:00+00:00,2018-03-26 19:00:00-04:00
3085,Carolina,Hurricanes,103045399,2018-03-20 23:00:00+00:00,2018-03-20 19:00:00-04:00
3085,Carolina,Hurricanes,103045377,2018-03-03 00:30:00+00:00,2018-03-02 19:30:00-05:00
3085,Carolina,Hurricanes,103045325,2018-01-31 00:00:00+00:00,2018-01-30 19:00:00-05:00
3085,Carolina,Hurricanes,103045323,2018-01-21 22:00:00+00:00,2018-01-21 17:00:00-05:00
3085,Carolina,Hurricanes,103045372,2018-02-24 00:30:00+00:00,2018-02-23 19:30:00-05:00
3085,Carolina,Hurricanes,103045329,2018-02-02 00:00:00+00:00,2018-02-01 19:00:00-05:00
3085,Carolina,Hurricanes,103045311,2018-01-03 00:00:00+00:00,2018-01-02 19:00:00-05:00
3085,Carolina,Hurricanes,103045309,2017-12-30 00:30:00+00:00,2017-12-29 19:30:00-05:00
3085,Carolina,Hurricanes,103045368,2018-02-18 22:00:00+00:00,2018-02-18 17:00:00-05:00
3085,Carolina,Hurricanes,103045345,2018-02-10 00:30:00+00:00,2018-02-09 19:30:00-05:00
3085,Carolina,Hurricanes,103045319,2018-01-14 20:00:00+00:00,2018-01-14 15:00:00-05:00
3085,Carolina,Hurricanes,103045297,2017-12-17 01:00:00+00:00,2017-12-16 20:00:00-05:00
3085,Carolina,Hurricanes,103045356,2018-02-14 00:00:00+00:00,2018-02-13 19:00:00-05:00
3085,Carolina,Hurricanes,103045352,2018-02-11 00:00:00+00:00,2018-02-10 19:00:00-05:00
3085,Carolina,Hurricanes,103045337,2018-02-04 18:00:00+00:00,2018-02-04 13:00:00-05:00
3085,Carolina,Hurricanes,103045305,2017-12-28 00:00:00+00:00,2017-12-27 19:00:00-05:00
2762,Boston,Bruins,103044123,2018-04-07 23:00:00+00:00,2018-04-07 19:00:00-04:00
2762,Boston,Bruins,103044110,2018-03-09 00:00:00+00:00,2018-03-08 19:00:00-05:00
2762,Boston,Bruins,103044109,2018-03-02 00:00:00+00:00,2018-03-01 19:00:00-05:00
2762,Boston,Bruins,103044113,2018-03-29 23:00:00+00:00,2018-03-29 19:00:00-04:00
2762,Boston,Bruins,103044098,2018-02-11 00:00:00+00:00,2018-02-10 19:00:00-05:00
2762,Boston,Bruins,103044103,2018-02-14 00:00:00+00:00,2018-02-13 19:00:00-05:00
2762,Boston,Bruins,103044111,2018-03-07 00:00:00+00:00,2018-03-06 19:00:00-05:00
2762,Boston,Bruins,103044112,2018-03-19 23:00:00+00:00,2018-03-19 19:00:00-04:00
2762,Boston,Bruins,103044115,2018-03-10 18:00:00+00:00,2018-03-10 13:00:00-05:00
2762,Boston,Bruins,103044116,2018-03-31 17:00:00+00:00,2018-03-31 13:00:00-04:00
2762,Boston,Bruins,103044119,2018-03-03 22:00:00+00:00,2018-03-03 17:00:00-05:00
2762,Boston,Bruins,103044108,2018-02-28 00:00:00+00:00,2018-02-27 19:00:00-05:00
2762,Boston,Bruins,103044095,2018-02-04 00:00:00+00:00,2018-02-03 19:00:00-05:00
2762,Boston,Bruins,103044089,2018-01-18 00:30:00+00:00,2018-01-17 19:30:00-05:00
2762,Boston,Bruins,103044081,2018-01-31 00:00:00+00:00,2018-01-30 19:00:00-05:00
2762,Boston,Bruins,103044072,2018-01-05 00:00:00+00:00,2018-01-04 19:00:00-05:00
2762,Boston,Bruins,103044084,2018-01-15 18:00:00+00:00,2018-01-15 13:00:00-05:00
2762,Boston,Bruins,103044092,2018-02-02 00:00:00+00:00,2018-02-01 19:00:00-05:00
2762,Boston,Bruins,103044078,2018-01-24 00:00:00+00:00,2018-01-23 19:00:00-05:00
2762,Boston,Bruins,103044075,2018-01-07 00:00:00+00:00,2018-01-06 19:00:00-05:00
2762,Boston,Bruins,103044053,2017-12-28 00:00:00+00:00,2017-12-27 19:00:00-05:00
2762,Boston,Bruins,103044038,2017-12-15 00:00:00+00:00,2017-12-14 19:00:00-05:00
2762,Boston,Bruins,103044042,2017-12-22 00:00:00+00:00,2017-12-21 19:00:00-05:00
2762,Boston,Bruins,103044063,2017-12-23 18:00:00+00:00,2017-12-23 13:00:00-05:00
2762,Boston,Bruins,103044048,2017-12-19 00:00:00+00:00,2017-12-18 19:00:00-05:00
2762,Boston,Bruins,103044058,2017-12-16 22:00:00+00:00,2017-12-16 17:00:00-05:00
3003,Buffalo,Sabres,103045493,2017-12-16 00:00:00+00:00,2017-12-15 19:00:00-05:00
3003,Buffalo,Sabres,103045495,2017-12-20 00:00:00+00:00,2017-12-19 19:00:00-05:00
3003,Buffalo,Sabres,103045500,2018-01-12 00:00:00+00:00,2018-01-11 19:00:00-05:00
3003,Buffalo,Sabres,103045502,2018-01-31 00:00:00+00:00,2018-01-30 19:00:00-05:00
3003,Buffalo,Sabres,103045508,2018-02-19 20:00:00+00:00,2018-02-19 15:00:00-05:00
3003,Buffalo,Sabres,103045521,2018-02-07 00:00:00+00:00,2018-02-06 19:00:00-05:00
3003,Buffalo,Sabres,103045538,2018-03-15 23:00:00+00:00,2018-03-15 19:00:00-04:00
3003,Buffalo,Sabres,103045498,2018-01-10 00:00:00+00:00,2018-01-09 19:00:00-05:00
3003,Buffalo,Sabres,103045523,2018-02-09 00:00:00+00:00,2018-02-08 19:00:00-05:00
3003,Buffalo,Sabres,103045525,2018-02-14 00:00:00+00:00,2018-02-13 19:00:00-05:00
3003,Buffalo,Sabres,103045811,2018-02-17 18:00:00+00:00,2018-02-17 13:00:00-05:00
3003,Buffalo,Sabres,103045532,2018-03-19 23:00:00+00:00,2018-03-19 19:00:00-04:00
3003,Buffalo,Sabres,103045544,2018-04-04 23:30:00+00:00,2018-04-04 19:30:00-04:00
3003,Buffalo,Sabres,103045513,2018-02-02 00:00:00+00:00,2018-02-01 19:00:00-05:00
3003,Buffalo,Sabres,103045542,2018-03-10 18:00:00+00:00,2018-03-10 13:00:00-05:00
3003,Buffalo,Sabres,103045813,2018-03-08 00:30:00+00:00,2018-03-07 19:30:00-05:00
3003,Buffalo,Sabres,103045505,2018-01-20 18:00:00+00:00,2018-01-20 13:00:00-05:00
3003,Buffalo,Sabres,103045519,2018-02-04 00:00:00+00:00,2018-02-03 19:00:00-05:00
3003,Buffalo,Sabres,103045541,2018-03-29 23:00:00+00:00,2018-03-29 19:00:00-04:00
3003,Buffalo,Sabres,103045496,2017-12-23 00:00:00+00:00,2017-12-22 19:00:00-05:00
3003,Buffalo,Sabres,103045510,2018-02-25 22:00:00+00:00,2018-02-25 17:00:00-05:00
3003,Buffalo,Sabres,103045536,2018-03-21 23:00:00+00:00,2018-03-21 19:00:00-04:00
3003,Buffalo,Sabres,103045530,2018-03-06 00:00:00+00:00,2018-03-05 19:00:00-05:00
3003,Buffalo,Sabres,103045540,2018-03-23 23:00:00+00:00,2018-03-23 19:00:00-04:00
3003,Buffalo,Sabres,103045543,2018-03-17 17:00:00+00:00,2018-03-17 13:00:00-04:00
3003,Buffalo,Sabres,103045527,2018-02-12 00:00:00+00:00,2018-02-11 19:00:00-05:00
2767,Detroit,Red Wings,103044220,2017-12-16 00:30:00+00:00,2017-12-15 19:30:00-05:00
2767,Detroit,Red Wings,103044228,2018-01-01 00:00:00+00:00,2017-12-31 19:00:00-05:00
2767,Detroit,Red Wings,103044241,2018-01-04 00:30:00+00:00,2018-01-03 19:30:00-05:00
2767,Detroit,Red Wings,103044249,2018-01-17 00:30:00+00:00,2018-01-16 19:30:00-05:00
2767,Detroit,Red Wings,103044233,2018-01-08 00:00:00+00:00,2018-01-07 19:00:00-05:00
2767,Detroit,Red Wings,103044208,2017-12-14 01:00:00+00:00,2017-12-13 20:00:00-05:00
2767,Detroit,Red Wings,103044352,2018-03-27 23:30:00+00:00,2018-03-27 19:30:00-04:00
2767,Detroit,Red Wings,103044358,2018-03-31 18:00:00+00:00,2018-03-31 14:00:00-04:00
2767,Detroit,Red Wings,103044363,2018-04-07 23:00:00+00:00,2018-04-07 19:00:00-04:00
2767,Detroit,Red Wings,103044265,2018-02-25 00:00:00+00:00,2018-02-24 19:00:00-05:00
2767,Detroit,Red Wings,103044341,2018-02-23 00:30:00+00:00,2018-02-22 19:30:00-05:00
2767,Detroit,Red Wings,103044250,2018-01-24 00:30:00+00:00,2018-01-23 19:30:00-05:00
2767,Detroit,Red Wings,103044255,2018-01-26 00:30:00+00:00,2018-01-25 19:30:00-05:00
2767,Detroit,Red Wings,103044262,2018-02-01 01:00:00+00:00,2018-01-31 20:00:00-05:00
2767,Detroit,Red Wings,103044272,2018-02-19 00:00:00+00:00,2018-02-18 19:00:00-05:00
2767,Detroit,Red Wings,103044278,2018-02-07 00:30:00+00:00,2018-02-06 19:30:00-05:00
2767,Detroit,Red Wings,103044366,2018-04-05 23:30:00+00:00,2018-04-05 19:30:00-04:00
2767,Detroit,Red Wings,103044223,2017-12-30 00:30:00+00:00,2017-12-29 19:30:00-05:00
2767,Detroit,Red Wings,103044238,2018-01-21 00:00:00+00:00,2018-01-20 19:00:00-05:00
2767,Detroit,Red Wings,103044282,2018-02-14 00:30:00+00:00,2018-02-13 19:30:00-05:00
2767,Detroit,Red Wings,103044286,2018-02-21 00:30:00+00:00,2018-02-20 19:30:00-05:00
2767,Detroit,Red Wings,103044347,2018-03-09 00:30:00+00:00,2018-03-08 19:30:00-05:00
2767,Detroit,Red Wings,103044348,2018-03-22 23:30:00+00:00,2018-03-22 19:30:00-04:00
2767,Detroit,Red Wings,103044244,2018-01-06 00:30:00+00:00,2018-01-05 19:30:00-05:00
2767,Detroit,Red Wings,103044351,2018-03-20 23:30:00+00:00,2018-03-20 19:30:00-04:00
2765,Florida,Panthers,103045272,2017-12-23 00:30:00+00:00,2017-12-22 19:30:00-05:00
2765,Florida,Panthers,103045374,2018-02-10 00:30:00+00:00,2018-02-09 19:30:00-05:00
2765,Florida,Panthers,103045277,2017-12-29 00:30:00+00:00,2017-12-28 19:30:00-05:00
2765,Florida,Panthers,103045425,2018-03-15 23:30:00+00:00,2018-03-15 19:30:00-04:00
2765,Florida,Panthers,103045434,2018-04-07 23:00:00+00:00,2018-04-07 19:00:00-04:00
2765,Florida,Panthers,103045351,2018-01-13 00:30:00+00:00,2018-01-12 19:30:00-05:00
2765,Florida,Panthers,103045391,2018-02-28 00:30:00+00:00,2018-02-27 19:30:00-05:00
2765,Florida,Panthers,103045424,2018-03-12 23:30:00+00:00,2018-03-12 19:30:00-04:00
2765,Florida,Panthers,103045379,2018-02-07 00:30:00+00:00,2018-02-06 19:30:00-05:00
2765,Florida,Panthers,103045403,2018-02-04 00:00:00+00:00,2018-02-03 19:00:00-05:00
2765,Florida,Panthers,103045428,2018-03-03 00:30:00+00:00,2018-03-02 19:30:00-05:00
2765,Florida,Panthers,103045289,2017-12-24 00:00:00+00:00,2017-12-23 19:00:00-05:00
2765,Florida,Panthers,103045365,2018-01-26 00:30:00+00:00,2018-01-25 19:30:00-05:00
2765,Florida,Panthers,103045398,2018-02-25 00:00:00+00:00,2018-02-24 19:00:00-05:00
2765,Florida,Panthers,103045388,2018-02-23 00:30:00+00:00,2018-02-22 19:30:00-05:00
2765,Florida,Panthers,103045426,2018-03-09 00:30:00+00:00,2018-03-08 19:30:00-05:00
2765,Florida,Panthers,103045359,2018-01-20 00:30:00+00:00,2018-01-19 19:30:00-05:00
2765,Florida,Panthers,103045419,2018-03-24 23:00:00+00:00,2018-03-24 19:00:00-04:00
2765,Florida,Panthers,103045294,2017-12-31 00:00:00+00:00,2017-12-30 19:00:00-05:00
2765,Florida,Panthers,103045412,2018-03-11 00:00:00+00:00,2018-03-10 19:00:00-05:00
2765,Florida,Panthers,103045423,2018-03-04 20:00:00+00:00,2018-03-04 15:00:00-05:00
2765,Florida,Panthers,103045427,2018-03-02 00:30:00+00:00,2018-03-01 19:30:00-05:00
2765,Florida,Panthers,103045429,2018-04-02 23:30:00+00:00,2018-04-02 19:30:00-04:00
2765,Florida,Panthers,103045431,2018-04-05 23:30:00+00:00,2018-04-05 19:30:00-04:00
2765,Florida,Panthers,103045422,2018-03-17 18:00:00+00:00,2018-03-17 14:00:00-04:00
2765,Florida,Panthers,103045430,2018-04-03 23:30:00+00:00,2018-04-03 19:30:00-04:00
7554,Montreal,Canadiens,103044516,2018-02-11 00:00:00+00:00,2018-02-10 19:00:00-05:00
7554,Montreal,Canadiens,103044698,2018-03-19 23:30:00+00:00,2018-03-19 19:30:00-04:00
7554,Montreal,Canadiens,103044706,2018-04-01 23:00:00+00:00,2018-04-01 19:00:00-04:00
7554,Montreal,Canadiens,103044467,2018-01-05 00:30:00+00:00,2018-01-04 19:30:00-05:00
7554,Montreal,Canadiens,103044697,2018-03-26 23:30:00+00:00,2018-03-26 19:30:00-04:00
7554,Montreal,Canadiens,103044704,2018-03-15 23:30:00+00:00,2018-03-15 19:30:00-04:00
7554,Montreal,Canadiens,103044505,2018-01-14 00:00:00+00:00,2018-01-13 19:00:00-05:00
7554,Montreal,Canadiens,103044448,2017-12-15 00:30:00+00:00,2017-12-14 19:30:00-05:00
7554,Montreal,Canadiens,103044524,2018-02-04 18:00:00+00:00,2018-02-04 13:00:00-05:00
7554,Montreal,Canadiens,103044676,2018-03-01 00:00:00+00:00,2018-02-28 19:00:00-05:00
7554,Montreal,Canadiens,103044493,2018-01-24 00:30:00+00:00,2018-01-23 19:30:00-05:00
7554,Montreal,Canadiens,103044519,2018-02-03 18:00:00+00:00,2018-02-03 13:00:00-05:00
7554,Montreal,Canadiens,103044664,2018-02-23 00:30:00+00:00,2018-02-22 19:30:00-05:00
7554,Montreal,Canadiens,103044463,2018-01-03 00:30:00+00:00,2018-01-02 19:30:00-05:00
7554,Montreal,Canadiens,103044498,2018-01-26 00:30:00+00:00,2018-01-25 19:30:00-05:00
7554,Montreal,Canadiens,103044508,2018-01-21 00:00:00+00:00,2018-01-20 19:00:00-05:00
7554,Montreal,Canadiens,103044701,2018-03-13 23:30:00+00:00,2018-03-13 19:30:00-04:00
7554,Montreal,Canadiens,103044705,2018-04-03 23:30:00+00:00,2018-04-03 19:30:00-04:00
7554,Montreal,Canadiens,103044471,2018-01-16 00:30:00+00:00,2018-01-15 19:30:00-05:00
7554,Montreal,Canadiens,103044683,2018-02-25 00:00:00+00:00,2018-02-24 19:00:00-05:00
7554,Montreal,Canadiens,103044690,2018-03-24 23:00:00+00:00,2018-03-24 19:00:00-04:00
7554,Montreal,Canadiens,103044511,2018-01-08 00:00:00+00:00,2018-01-07 19:00:00-05:00
7554,Montreal,Canadiens,103044671,2018-02-27 00:30:00+00:00,2018-02-26 19:30:00-05:00
7551,Ottawa,Senators,103044933,2018-03-10 00:30:00+00:00,2018-03-09 19:30:00-05:00
7551,Ottawa,Senators,103044958,2018-03-29 23:30:00+00:00,2018-03-29 19:30:00-04:00
7551,Ottawa,Senators,103044874,2018-01-21 00:00:00+00:00,2018-01-20 19:00:00-05:00
7551,Ottawa,Senators,103044813,2017-12-14 00:00:00+00:00,2017-12-13 19:00:00-05:00
7551,Ottawa,Senators,103044865,2018-01-26 00:30:00+00:00,2018-01-25 19:30:00-05:00
7551,Ottawa,Senators,103044864,2018-01-19 00:30:00+00:00,2018-01-18 19:30:00-05:00
7551,Ottawa,Senators,103044880,2018-01-07 00:00:00+00:00,2018-01-06 19:00:00-05:00
7551,Ottawa,Senators,103044898,2018-02-02 00:30:00+00:00,2018-02-01 19:30:00-05:00
7551,Ottawa,Senators,103044929,2018-03-24 23:00:00+00:00,2018-03-24 19:00:00-04:00
7551,Ottawa,Senators,103044932,2018-03-09 00:30:00+00:00,2018-03-08 19:30:00-05:00
7551,Ottawa,Senators,103044936,2018-03-16 23:30:00+00:00,2018-03-16 19:30:00-04:00
7551,Ottawa,Senators,103044953,2018-03-27 23:30:00+00:00,2018-03-27 19:30:00-04:00
7551,Ottawa,Senators,103044827,2017-12-31 00:00:00+00:00,2017-12-30 19:00:00-05:00
7551,Ottawa,Senators,103044845,2017-12-20 00:30:00+00:00,2017-12-19 19:30:00-05:00
7551,Ottawa,Senators,103044903,2018-02-09 00:30:00+00:00,2018-02-08 19:30:00-05:00
7551,Ottawa,Senators,103044908,2018-02-16 00:30:00+00:00,2018-02-15 19:30:00-05:00
7551,Ottawa,Senators,103044966,2018-04-02 23:30:00+00:00,2018-04-02 19:30:00-04:00
7551,Ottawa,Senators,103044916,2018-02-07 00:30:00+00:00,2018-02-06 19:30:00-05:00
7551,Ottawa,Senators,103044835,2017-12-30 00:30:00+00:00,2017-12-29 19:30:00-05:00
7551,Ottawa,Senators,103044852,2018-01-06 00:30:00+00:00,2018-01-05 19:30:00-05:00
7551,Ottawa,Senators,103044911,2018-02-23 00:30:00+00:00,2018-02-22 19:30:00-05:00
7551,Ottawa,Senators,103044921,2018-02-17 19:00:00+00:00,2018-02-17 14:00:00-05:00
7551,Ottawa,Senators,103044859,2018-01-10 00:30:00+00:00,2018-01-09 19:30:00-05:00
7551,Ottawa,Senators,103044924,2018-02-24 19:00:00+00:00,2018-02-24 14:00:00-05:00
7551,Ottawa,Senators,103044937,2018-03-22 23:30:00+00:00,2018-03-22 19:30:00-04:00
7551,Ottawa,Senators,103044940,2018-03-20 23:30:00+00:00,2018-03-20 19:30:00-04:00
6355,Tampa Bay,Lightning,103045097,2018-02-16 00:30:00+00:00,2018-02-15 19:30:00-05:00
6355,Tampa Bay,Lightning,103045083,2018-01-10 00:30:00+00:00,2018-01-09 19:30:00-05:00
6355,Tampa Bay,Lightning,103045096,2018-02-09 00:30:00+00:00,2018-02-08 19:30:00-05:00
6355,Tampa Bay,Lightning,103045112,2018-03-17 23:00:00+00:00,2018-03-17 19:00:00-04:00
6355,Tampa Bay,Lightning,103045103,2018-03-01 00:00:00+00:00,2018-02-28 19:00:00-05:00
6355,Tampa Bay,Lightning,103045148,2018-03-18 21:00:00+00:00,2018-03-18 17:00:00-04:00
6355,Tampa Bay,Lightning,103045153,2018-04-01 22:00:00+00:00,2018-04-01 18:00:00-04:00
6355,Tampa Bay,Lightning,103045088,2018-01-12 00:30:00+00:00,2018-01-11 19:30:00-05:00
6355,Tampa Bay,Lightning,103045100,2018-02-27 00:30:00+00:00,2018-02-26 19:30:00-05:00
6355,Tampa Bay,Lightning,103045109,2018-02-11 00:00:00+00:00,2018-02-10 19:00:00-05:00
6355,Tampa Bay,Lightning,103045091,2018-01-19 00:30:00+00:00,2018-01-18 19:30:00-05:00
6355,Tampa Bay,Lightning,103045106,2018-02-18 00:00:00+00:00,2018-02-17 19:00:00-05:00
6355,Tampa Bay,Lightning,103045120,2018-03-10 18:00:00+00:00,2018-03-10 13:00:00-05:00
6355,Tampa Bay,Lightning,103045125,2018-03-07 00:30:00+00:00,2018-03-06 19:30:00-05:00
6355,Tampa Bay,Lightning,103045128,2018-03-09 00:30:00+00:00,2018-03-08 19:30:00-05:00
6355,Tampa Bay,Lightning,103045158,2018-04-03 23:30:00+00:00,2018-04-03 19:30:00-04:00
6355,Tampa Bay,Lightning,103045162,2018-04-06 23:30:00+00:00,2018-04-06 19:30:00-04:00
6355,Tampa Bay,Lightning,103045119,2018-03-03 18:00:00+00:00,2018-03-03 13:00:00-05:00
6355,Tampa Bay,Lightning,103045133,2018-03-13 23:30:00+00:00,2018-03-13 19:30:00-04:00
6355,Tampa Bay,Lightning,103045047,2017-12-29 00:30:00+00:00,2017-12-28 19:30:00-05:00
6355,Tampa Bay,Lightning,103045050,2017-12-30 00:30:00+00:00,2017-12-29 19:30:00-05:00
6355,Tampa Bay,Lightning,103045044,2017-12-22 00:30:00+00:00,2017-12-21 19:30:00-05:00
6355,Tampa Bay,Lightning,103045055,2017-12-24 00:00:00+00:00,2017-12-23 19:00:00-05:00
6355,Tampa Bay,Lightning,103045141,2018-03-26 23:30:00+00:00,2018-03-26 19:30:00-04:00
6355,Tampa Bay,Lightning,103045138,2018-03-20 23:30:00+00:00,2018-03-20 19:30:00-04:00
7550,Toronto,Maple Leafs,103043880,2018-01-11 00:30:00+00:00,2018-01-10 19:30:00-05:00
7550,Toronto,Maple Leafs,103043953,2018-04-02 23:00:00+00:00,2018-04-02 19:00:00-04:00
7550,Toronto,Maple Leafs,103043931,2018-03-17 23:00:00+00:00,2018-03-17 19:00:00-04:00
7550,Toronto,Maple Leafs,103043960,2018-04-07 23:00:00+00:00,2018-04-07 19:00:00-04:00
7550,Toronto,Maple Leafs,103043900,2018-02-06 00:00:00+00:00,2018-02-05 19:00:00-05:00
7550,Toronto,Maple Leafs,103043917,2018-03-14 23:00:00+00:00,2018-03-14 19:00:00-04:00
7550,Toronto,Maple Leafs,103043853,2018-01-05 00:00:00+00:00,2018-01-04 19:00:00-05:00
7550,Toronto,Maple Leafs,103043885,2018-01-17 00:00:00+00:00,2018-01-16 19:00:00-05:00
7550,Toronto,Maple Leafs,103043895,2018-02-01 00:30:00+00:00,2018-01-31 19:30:00-05:00
7550,Toronto,Maple Leafs,103043911,2018-02-08 00:30:00+00:00,2018-02-07 19:30:00-05:00
7550,Toronto,Maple Leafs,103043912,2018-03-11 00:00:00+00:00,2018-03-10 19:00:00-05:00
7550,Toronto,Maple Leafs,103043905,2018-02-13 00:00:00+00:00,2018-02-12 19:00:00-05:00
7550,Toronto,Maple Leafs,103043906,2018-02-21 00:00:00+00:00,2018-02-20 19:00:00-05:00
7550,Toronto,Maple Leafs,103043920,2018-03-24 23:00:00+00:00,2018-03-24 19:00:00-04:00
7550,Toronto,Maple Leafs,103043907,2018-02-23 00:00:00+00:00,2018-02-22 19:00:00-05:00
7550,Toronto,Maple Leafs,103043909,2018-02-25 00:00:00+00:00,2018-02-24 19:00:00-05:00
7550,Toronto,Maple Leafs,103043871,2018-01-09 00:00:00+00:00,2018-01-08 19:00:00-05:00
7550,Toronto,Maple Leafs,103043908,2018-02-15 00:00:00+00:00,2018-02-14 19:00:00-05:00
7550,Toronto,Maple Leafs,103043910,2018-02-11 00:00:00+00:00,2018-02-10 19:00:00-05:00
7550,Toronto,Maple Leafs,103043943,2018-03-31 23:00:00+00:00,2018-03-31 19:00:00-04:00
7550,Toronto,Maple Leafs,103043857,2018-01-07 00:00:00+00:00,2018-01-06 19:00:00-05:00
7550,Toronto,Maple Leafs,103043890,2018-01-23 00:00:00+00:00,2018-01-22 19:00:00-05:00
7550,Toronto,Maple Leafs,103043839,2017-12-19 19:00:00+00:00,2017-12-19 14:00:00-05:00
7550,Toronto,Maple Leafs,103043846,2018-01-03 00:00:00+00:00,2018-01-02 19:00:00-05:00
7550,Toronto,Maple Leafs,103043924,2018-03-26 23:00:00+00:00,2018-03-26 19:00:00-04:00
7550,Toronto,Maple Leafs,103043946,2018-03-28 23:30:00+00:00,2018-03-28 19:30:00-04:00
6350,Columbus,Blue Jackets,103045692,2018-02-07 00:00:00+00:00,2018-02-06 19:00:00-05:00
6350,Columbus,Blue Jackets,103045687,2018-01-13 00:00:00+00:00,2018-01-12 19:00:00-05:00
6350,Columbus,Blue Jackets,103045563,2018-02-25 00:00:00+00:00,2018-02-24 19:00:00-05:00
6350,Columbus,Blue Jackets,103045694,2018-02-27 00:00:00+00:00,2018-02-26 19:00:00-05:00
6350,Columbus,Blue Jackets,103045689,2018-03-07 00:00:00+00:00,2018-03-06 19:00:00-05:00
6350,Columbus,Blue Jackets,103045580,2018-04-03 23:00:00+00:00,2018-04-03 19:00:00-04:00
6350,Columbus,Blue Jackets,103045589,2018-01-07 22:00:00+00:00,2018-01-07 17:00:00-05:00
6350,Columbus,Blue Jackets,103045597,2018-01-31 00:00:00+00:00,2018-01-30 19:00:00-05:00
6350,Columbus,Blue Jackets,103045640,2018-02-18 23:00:00+00:00,2018-02-18 18:00:00-05:00
6350,Columbus,Blue Jackets,103045643,2018-04-05 23:00:00+00:00,2018-04-05 19:00:00-04:00
6350,Columbus,Blue Jackets,103045624,2018-03-17 23:00:00+00:00,2018-03-17 19:00:00-04:00
6350,Columbus,Blue Jackets,103045674,2018-03-24 23:00:00+00:00,2018-03-24 19:00:00-04:00
6350,Columbus,Blue Jackets,103045576,2018-03-10 00:00:00+00:00,2018-03-09 19:00:00-05:00
6350,Columbus,Blue Jackets,103045653,2018-02-03 00:00:00+00:00,2018-02-02 19:00:00-05:00
6350,Columbus,Blue Jackets,103045591,2018-03-22 23:00:00+00:00,2018-03-22 19:00:00-04:00
6350,Columbus,Blue Jackets,103045637,2018-02-17 00:00:00+00:00,2018-02-16 19:00:00-05:00
6350,Columbus,Blue Jackets,103045573,2018-01-19 00:00:00+00:00,2018-01-18 19:00:00-05:00
6350,Columbus,Blue Jackets,103045599,2018-03-12 23:00:00+00:00,2018-03-12 19:00:00-04:00
6350,Columbus,Blue Jackets,103045606,2018-02-11 00:00:00+00:00,2018-02-10 19:00:00-05:00
6350,Columbus,Blue Jackets,103048018,2018-03-09 00:00:00+00:00,2018-03-08 19:00:00-05:00
6350,Columbus,Blue Jackets,103045682,2017-12-31 23:00:00+00:00,2017-12-31 18:00:00-05:00
6350,Columbus,Blue Jackets,103045684,2017-12-21 00:30:00+00:00,2017-12-20 19:30:00-05:00
6350,Columbus,Blue Jackets,103045608,2017-12-15 00:00:00+00:00,2017-12-14 19:00:00-05:00
6350,Columbus,Blue Jackets,103045627,2017-12-24 00:00:00+00:00,2017-12-23 19:00:00-05:00
3023,New Jersey,Devils,103045626,2018-02-16 00:00:00+00:00,2018-02-15 19:00:00-05:00
3023,New Jersey,Devils,103045631,2018-02-21 00:00:00+00:00,2018-02-20 19:00:00-05:00
3023,New Jersey,Devils,103045650,2018-03-27 23:00:00+00:00,2018-03-27 19:00:00-04:00
3023,New Jersey,Devils,103045579,2017-12-24 00:00:00+00:00,2017-12-23 19:00:00-05:00
3023,New Jersey,Devils,103045620,2018-02-04 00:00:00+00:00,2018-02-03 19:00:00-05:00
3023,New Jersey,Devils,103045623,2018-02-09 00:00:00+00:00,2018-02-08 19:00:00-05:00
3023,New Jersey,Devils,103045636,2018-03-09 00:00:00+00:00,2018-03-08 19:00:00-05:00
3023,New Jersey,Devils,103045667,2018-03-04 22:00:00+00:00,2018-03-04 17:00:00-05:00
3023,New Jersey,Devils,103045575,2017-12-16 00:00:00+00:00,2017-12-15 19:00:00-05:00
3023,New Jersey,Devils,103045582,2017-12-30 00:00:00+00:00,2017-12-29 19:00:00-05:00
3023,New Jersey,Devils,103045588,2017-12-22 00:00:00+00:00,2017-12-21 19:00:00-05:00
3023,New Jersey,Devils,103045619,2018-02-02 00:00:00+00:00,2018-02-01 19:00:00-05:00
3023,New Jersey,Devils,103045629,2018-02-23 00:00:00+00:00,2018-02-22 19:00:00-05:00
3023,New Jersey,Devils,103045632,2018-02-12 00:00:00+00:00,2018-02-11 19:00:00-05:00
3023,New Jersey,Devils,103045639,2018-03-24 23:00:00+00:00,2018-03-24 19:00:00-04:00
3023,New Jersey,Devils,103045677,2018-04-05 23:00:00+00:00,2018-04-05 19:00:00-04:00
3023,New Jersey,Devils,103045676,2018-04-03 23:00:00+00:00,2018-04-03 19:00:00-04:00
3023,New Jersey,Devils,103045586,2017-12-19 00:00:00+00:00,2017-12-18 19:00:00-05:00
3023,New Jersey,Devils,103045635,2018-03-07 00:00:00+00:00,2018-03-06 19:00:00-05:00
3023,New Jersey,Devils,103045642,2018-03-31 23:00:00+00:00,2018-03-31 19:00:00-04:00
3023,New Jersey,Devils,103045617,2018-01-19 00:00:00+00:00,2018-01-18 19:00:00-05:00
3023,New Jersey,Devils,103045633,2018-02-25 00:00:00+00:00,2018-02-24 19:00:00-05:00
3023,New Jersey,Devils,103045583,2017-12-28 00:00:00+00:00,2017-12-27 19:00:00-05:00
3023,New Jersey,Devils,103045593,2018-01-14 00:00:00+00:00,2018-01-13 19:00:00-05:00
3023,New Jersey,Devils,103045616,2018-01-23 00:00:00+00:00,2018-01-22 19:00:00-05:00
3023,New Jersey,Devils,103045618,2018-01-26 00:00:00+00:00,2018-01-25 19:00:00-05:00
3023,New Jersey,Devils,103045646,2018-03-29 23:00:00+00:00,2018-03-29 19:00:00-04:00
6349,New York,Islanders,103044327,2017-12-28 00:00:00+00:00,2017-12-27 19:00:00-05:00
6349,New York,Islanders,103044308,2017-12-22 00:00:00+00:00,2017-12-21 19:00:00-05:00
6349,New York,Islanders,103044397,2017-12-20 00:00:00+00:00,2017-12-19 19:00:00-05:00
6349,New York,Islanders,103044565,2018-03-30 23:00:00+00:00,2018-03-30 19:00:00-04:00
6349,New York,Islanders,103044598,2018-03-15 23:00:00+00:00,2018-03-15 19:00:00-04:00
6349,New York,Islanders,103044385,2017-12-14 00:00:00+00:00,2017-12-13 19:00:00-05:00
6349,New York,Islanders,103044451,2017-12-17 00:00:00+00:00,2017-12-16 19:00:00-05:00
6349,New York,Islanders,103044367,2018-02-04 00:00:00+00:00,2018-02-03 19:00:00-05:00
6349,New York,Islanders,103044434,2018-01-31 00:00:00+00:00,2018-01-30 19:00:00-05:00
6349,New York,Islanders,103044345,2018-03-18 21:00:00+00:00,2018-03-18 17:00:00-04:00
6349,New York,Islanders,103044355,2018-03-24 23:00:00+00:00,2018-03-24 19:00:00-04:00
6349,New York,Islanders,103044503,2018-04-03 23:00:00+00:00,2018-04-03 19:00:00-04:00
6349,New York,Islanders,103044322,2018-01-19 00:00:00+00:00,2018-01-18 19:00:00-05:00
6349,New York,Islanders,103050865,2018-02-14 00:00:00+00:00,2018-02-13 19:00:00-05:00
6349,New York,Islanders,103044404,2018-02-10 00:00:00+00:00,2018-02-09 19:00:00-05:00
6349,New York,Islanders,103044480,2018-02-16 00:00:00+00:00,2018-02-15 19:00:00-05:00
6349,New York,Islanders,103044332,2018-02-12 00:00:00+00:00,2018-02-11 19:00:00-05:00
6349,New York,Islanders,103044468,2018-02-06 00:00:00+00:00,2018-02-05 19:00:00-05:00
6349,New York,Islanders,103044464,2018-03-03 00:00:00+00:00,2018-03-02 19:00:00-05:00
6349,New York,Islanders,103044484,2018-04-05 23:00:00+00:00,2018-04-05 19:00:00-04:00
6349,New York,Islanders,103044529,2018-01-06 00:00:00+00:00,2018-01-05 19:00:00-05:00
6349,New York,Islanders,103044561,2018-03-22 23:00:00+00:00,2018-03-22 19:00:00-04:00
6349,New York,Islanders,103044456,2018-02-19 18:00:00+00:00,2018-02-19 13:00:00-05:00
6349,New York,Islanders,103044476,2018-01-17 00:00:00+00:00,2018-01-16 19:00:00-05:00
6349,New York,Islanders,103044317,2018-01-03 00:00:00+00:00,2018-01-02 19:00:00-05:00
6349,New York,Islanders,103044604,2017-12-23 18:00:00+00:00,2017-12-23 13:00:00-05:00
6349,New York,Islanders,103044472,2018-01-07 18:00:00+00:00,2018-01-07 13:00:00-05:00
6349,New York,Islanders,103044439,2018-03-26 23:00:00+00:00,2018-03-26 19:00:00-04:00
6349,New York,Islanders,103044534,2018-03-20 23:00:00+00:00,2018-03-20 19:00:00-04:00
2764,New York,Rangers,103044101,2017-12-28 00:00:00+00:00,2017-12-27 19:00:00-05:00
2764,New York,Rangers,103043941,2018-02-08 01:00:00+00:00,2018-02-07 20:00:00-05:00
2764,New York,Rangers,103043949,2018-01-19 00:00:00+00:00,2018-01-18 19:00:00-05:00
2764,New York,Rangers,103044096,2018-02-02 00:00:00+00:00,2018-02-01 19:00:00-05:00
2764,New York,Rangers,103044015,2017-12-16 00:00:00+00:00,2017-12-15 19:00:00-05:00
2764,New York,Rangers,103043958,2018-02-10 00:00:00+00:00,2018-02-09 19:00:00-05:00
2764,New York,Rangers,103043998,2018-02-26 00:00:00+00:00,2018-02-25 19:00:00-05:00
2764,New York,Rangers,103044079,2018-03-15 00:00:00+00:00,2018-03-14 20:00:00-04:00
2764,New York,Rangers,103044068,2018-02-18 18:00:00+00:00,2018-02-18 13:00:00-05:00
2764,New York,Rangers,103044049,2018-01-13 18:00:00+00:00,2018-01-13 13:00:00-05:00
2764,New York,Rangers,103043971,2018-03-12 23:00:00+00:00,2018-03-12 19:00:00-04:00
2764,New York,Rangers,103044020,2018-02-24 00:00:00+00:00,2018-02-23 19:00:00-05:00
2764,New York,Rangers,103044106,2018-03-07 00:00:00+00:00,2018-03-06 19:00:00-05:00
2764,New York,Rangers,103044064,2018-01-17 00:00:00+00:00,2018-01-16 19:00:00-05:00
2764,New York,Rangers,103044090,2018-03-30 23:00:00+00:00,2018-03-30 19:00:00-04:00
2764,New York,Rangers,103044104,2018-03-26 23:00:00+00:00,2018-03-26 19:00:00-04:00
2764,New York,Rangers,103043973,2018-01-04 01:00:00+00:00,2018-01-03 20:00:00-05:00
2764,New York,Rangers,103044093,2017-12-24 00:00:00+00:00,2017-12-23 19:00:00-05:00
2764,New York,Rangers,103043954,2018-03-24 23:00:00+00:00,2018-03-24 19:00:00-04:00
2764,New York,Rangers,103043925,2017-12-20 00:00:00+00:00,2017-12-19 19:00:00-05:00
2764,New York,Rangers,103043984,2018-03-20 23:00:00+00:00,2018-03-20 19:00:00-04:00
2763,Philadelphia,Flyers,103045437,2018-03-22 23:00:00+00:00,2018-03-22 19:00:00-04:00
2763,Philadelphia,Flyers,103045471,2018-03-10 18:00:00+00:00,2018-03-10 13:00:00-05:00
2763,Philadelphia,Flyers,103045481,2018-03-18 21:00:00+00:00,2018-03-18 17:00:00-04:00
2763,Philadelphia,Flyers,103045439,2018-04-07 19:00:00+00:00,2018-04-07 15:00:00-04:00
2763,Philadelphia,Flyers,103045445,2018-03-08 01:00:00+00:00,2018-03-07 20:00:00-05:00
2763,Philadelphia,Flyers,103045460,2018-01-19 00:00:00+00:00,2018-01-18 19:00:00-05:00
2763,Philadelphia,Flyers,103045268,2017-12-17 00:00:00+00:00,2017-12-16 19:00:00-05:00
2763,Philadelphia,Flyers,103045253,2018-02-23 00:00:00+00:00,2018-02-22 19:00:00-05:00
2763,Philadelphia,Flyers,103045358,2017-12-19 00:00:00+00:00,2017-12-18 19:00:00-05:00
2763,Philadelphia,Flyers,103045380,2018-02-09 00:00:00+00:00,2018-02-08 19:00:00-05:00
2763,Philadelphia,Flyers,103045435,2018-01-05 00:00:00+00:00,2018-01-04 19:00:00-05:00
2763,Philadelphia,Flyers,103045454,2018-01-26 00:00:00+00:00,2018-01-25 19:00:00-05:00
2763,Philadelphia,Flyers,103045205,2017-12-15 00:00:00+00:00,2017-12-14 19:00:00-05:00
2763,Philadelphia,Flyers,103045191,2018-04-01 16:30:00+00:00,2018-04-01 12:30:00-04:00
2763,Philadelphia,Flyers,103045224,2018-03-02 00:00:00+00:00,2018-03-01 19:00:00-05:00
2763,Philadelphia,Flyers,103045468,2018-03-12 23:00:00+00:00,2018-03-12 19:00:00-04:00
2763,Philadelphia,Flyers,103045278,2017-12-21 01:00:00+00:00,2017-12-20 20:00:00-05:00
2763,Philadelphia,Flyers,103045386,2018-02-21 00:00:00+00:00,2018-02-20 19:00:00-05:00
2763,Philadelphia,Flyers,103045443,2018-01-03 00:00:00+00:00,2018-01-02 19:00:00-05:00
2763,Philadelphia,Flyers,103045406,2018-01-20 18:00:00+00:00,2018-01-20 13:00:00-05:00
2763,Philadelphia,Flyers,103045415,2018-02-14 00:00:00+00:00,2018-02-13 19:00:00-05:00
2763,Philadelphia,Flyers,103045441,2018-02-03 18:00:00+00:00,2018-02-03 13:00:00-05:00
2763,Philadelphia,Flyers,103045213,2018-01-07 18:00:00+00:00,2018-01-07 13:00:00-05:00
2763,Philadelphia,Flyers,103045229,2018-04-05 23:00:00+00:00,2018-04-05 19:00:00-04:00
2763,Philadelphia,Flyers,103045451,2018-01-06 18:00:00+00:00,2018-01-06 13:00:00-05:00
2763,Philadelphia,Flyers,103045260,2018-03-15 23:00:00+00:00,2018-03-15 19:00:00-04:00
4822,Pittsburgh,Penguins,103043798,2018-02-03 00:00:00+00:00,2018-02-02 19:00:00-05:00
4822,Pittsburgh,Penguins,103043869,2018-03-25 16:30:00+00:00,2018-03-25 12:30:00-04:00
4822,Pittsburgh,Penguins,103043773,2018-01-13 18:00:00+00:00,2018-01-13 13:00:00-05:00
4822,Pittsburgh,Penguins,103043777,2018-01-14 17:30:00+00:00,2018-01-14 12:30:00-05:00
4822,Pittsburgh,Penguins,103043816,2018-02-18 00:00:00+00:00,2018-02-17 19:00:00-05:00
4822,Pittsburgh,Penguins,103043854,2018-03-21 23:00:00+00:00,2018-03-21 19:00:00-04:00
4822,Pittsburgh,Penguins,103043863,2018-03-23 23:00:00+00:00,2018-03-23 19:00:00-04:00
4822,Pittsburgh,Penguins,103043878,2018-04-06 23:00:00+00:00,2018-04-06 19:00:00-04:00
4822,Pittsburgh,Penguins,103043761,2018-01-24 00:00:00+00:00,2018-01-23 19:00:00-05:00
4822,Pittsburgh,Penguins,103043792,2018-01-26 00:00:00+00:00,2018-01-25 19:00:00-05:00
4822,Pittsburgh,Penguins,103043828,2018-03-03 22:00:00+00:00,2018-03-03 17:00:00-05:00
4822,Pittsburgh,Penguins,103043795,2018-01-31 00:00:00+00:00,2018-01-30 19:00:00-05:00
4822,Pittsburgh,Penguins,103043834,2018-03-06 00:00:00+00:00,2018-03-05 19:00:00-05:00
4822,Pittsburgh,Penguins,103043837,2018-03-11 23:30:00+00:00,2018-03-11 19:30:00-04:00
4822,Pittsburgh,Penguins,103043859,2018-03-31 23:00:00+00:00,2018-03-31 19:00:00-04:00
4822,Pittsburgh,Penguins,103043803,2018-02-07 00:00:00+00:00,2018-02-06 19:00:00-05:00
4822,Pittsburgh,Penguins,103043805,2018-02-14 00:00:00+00:00,2018-02-13 19:00:00-05:00
4822,Pittsburgh,Penguins,103043809,2018-02-16 00:00:00+00:00,2018-02-15 19:00:00-05:00
4822,Pittsburgh,Penguins,103043759,2018-01-05 00:00:00+00:00,2018-01-04 19:00:00-05:00
4822,Pittsburgh,Penguins,103043821,2018-02-28 00:00:00+00:00,2018-02-27 19:00:00-05:00
4822,Pittsburgh,Penguins,103043874,2018-04-01 23:30:00+00:00,2018-04-01 19:30:00-04:00
4822,Pittsburgh,Penguins,103043746,2017-12-28 00:00:00+00:00,2017-12-27 19:00:00-05:00
4822,Pittsburgh,Penguins,103043741,2017-12-22 00:00:00+00:00,2017-12-21 19:00:00-05:00
4822,Pittsburgh,Penguins,103043766,2018-01-08 00:30:00+00:00,2018-01-07 19:30:00-05:00
4822,Pittsburgh,Penguins,103043751,2017-12-24 00:00:00+00:00,2017-12-23 19:00:00-05:00
762,Washington,Capitals,103044777,2018-04-05 23:00:00+00:00,2018-04-05 19:00:00-04:00
762,Washington,Capitals,103044684,2018-03-30 23:00:00+00:00,2018-03-30 19:00:00-04:00
762,Washington,Capitals,103044998,2018-03-12 23:00:00+00:00,2018-03-12 19:00:00-04:00
762,Washington,Capitals,103044646,2017-12-17 00:30:00+00:00,2017-12-16 19:30:00-05:00
762,Washington,Capitals,103044782,2017-12-31 00:00:00+00:00,2017-12-30 19:00:00-05:00
762,Washington,Capitals,103044992,2018-02-04 17:30:00+00:00,2018-02-04 12:30:00-05:00
762,Washington,Capitals,103044679,2018-01-12 00:00:00+00:00,2018-01-11 19:00:00-05:00
762,Washington,Capitals,103044789,2018-04-07 23:00:00+00:00,2018-04-07 19:00:00-04:00
762,Washington,Capitals,103044947,2018-02-21 00:00:00+00:00,2018-02-20 19:00:00-05:00
762,Washington,Capitals,103044988,2018-01-10 00:00:00+00:00,2018-01-09 19:00:00-05:00
762,Washington,Capitals,103044819,2018-03-29 00:00:00+00:00,2018-03-28 20:00:00-04:00
762,Washington,Capitals,103044838,2018-02-28 00:00:00+00:00,2018-02-27 19:00:00-05:00
762,Washington,Capitals,103044656,2017-12-29 00:00:00+00:00,2017-12-28 19:00:00-05:00
762,Washington,Capitals,103044660,2018-02-25 00:00:00+00:00,2018-02-24 19:00:00-05:00
762,Washington,Capitals,103044719,2018-02-11 20:00:00+00:00,2018-02-11 15:00:00-05:00
762,Washington,Capitals,103044709,2018-02-10 00:00:00+00:00,2018-02-09 19:00:00-05:00
762,Washington,Capitals,103044890,2018-01-07 20:00:00+00:00,2018-01-07 15:00:00-05:00
762,Washington,Capitals,103044714,2018-03-20 23:00:00+00:00,2018-03-20 19:00:00-04:00
762,Washington,Capitals,103044848,2018-01-21 17:30:00+00:00,2018-01-21 12:30:00-05:00
762,Washington,Capitals,103044857,2018-02-01 01:00:00+00:00,2018-01-31 20:00:00-05:00
762,Washington,Capitals,103044765,2018-01-20 00:30:00+00:00,2018-01-19 19:30:00-05:00
762,Washington,Capitals,103044805,2018-03-16 23:00:00+00:00,2018-03-16 19:00:00-04:00
521,Arizona,Coyotes,103044774,2017-12-20 02:00:00+00:00,2017-12-19 19:00:00-07:00
521,Arizona,Coyotes,103044842,2018-02-02 02:00:00+00:00,2018-02-01 19:00:00-07:00
521,Arizona,Coyotes,103044888,2018-03-02 02:00:00+00:00,2018-03-01 19:00:00-07:00
521,Arizona,Coyotes,103044909,2018-03-18 02:00:00+00:00,2018-03-17 19:00:00-07:00
521,Arizona,Coyotes,103044879,2018-02-25 01:00:00+00:00,2018-02-24 18:00:00-07:00
521,Arizona,Coyotes,103044922,2018-04-08 02:00:00+00:00,2018-04-07 19:00:00-07:00
521,Arizona,Coyotes,103044809,2018-01-05 02:00:00+00:00,2018-01-04 19:00:00-07:00
521,Arizona,Coyotes,103044767,2017-12-15 02:00:00+00:00,2017-12-14 19:00:00-07:00
521,Arizona,Coyotes,103044836,2018-01-26 02:00:00+00:00,2018-01-25 19:00:00-07:00
521,Arizona,Coyotes,103044860,2018-02-16 02:00:00+00:00,2018-02-15 19:00:00-07:00
521,Arizona,Coyotes,103044814,2018-01-07 01:00:00+00:00,2018-01-06 18:00:00-07:00
521,Arizona,Coyotes,103044770,2017-12-17 01:00:00+00:00,2017-12-16 18:00:00-07:00
521,Arizona,Coyotes,103044849,2018-02-11 01:00:00+00:00,2018-02-10 18:00:00-07:00
521,Arizona,Coyotes,103044818,2018-01-13 02:00:00+00:00,2018-01-12 19:00:00-07:00
521,Arizona,Coyotes,103044855,2018-02-13 02:00:00+00:00,2018-02-12 19:00:00-07:00
521,Arizona,Coyotes,103044868,2018-02-17 21:00:00+00:00,2018-02-17 14:00:00-07:00
521,Arizona,Coyotes,103044906,2018-03-16 03:00:00+00:00,2018-03-15 20:00:00-07:00
521,Arizona,Coyotes,103044875,2018-02-23 02:00:00+00:00,2018-02-22 19:00:00-07:00
521,Arizona,Coyotes,103044884,2018-02-26 02:30:00+00:00,2018-02-25 19:30:00-07:00
521,Arizona,Coyotes,103044892,2018-03-04 01:00:00+00:00,2018-03-03 18:00:00-07:00
521,Arizona,Coyotes,103044914,2018-03-20 03:00:00+00:00,2018-03-19 20:00:00-07:00
521,Arizona,Coyotes,103044800,2017-12-29 02:00:00+00:00,2017-12-28 19:00:00-07:00
521,Arizona,Coyotes,103044896,2018-03-12 02:00:00+00:00,2018-03-11 19:00:00-07:00
521,Arizona,Coyotes,103044901,2018-03-14 03:00:00+00:00,2018-03-13 20:00:00-07:00
521,Arizona,Coyotes,103044917,2018-04-01 02:00:00+00:00,2018-03-31 19:00:00-07:00
521,Arizona,Coyotes,103044784,2017-12-23 02:00:00+00:00,2017-12-22 19:00:00-07:00
521,Arizona,Coyotes,103044825,2018-01-17 02:00:00+00:00,2018-01-16 19:00:00-07:00
521,Arizona,Coyotes,103044828,2018-01-23 02:00:00+00:00,2018-01-22 19:00:00-07:00
521,Arizona,Coyotes,103044793,2017-12-24 01:00:00+00:00,2017-12-23 18:00:00-07:00
7553,Calgary,Flames,103044592,2018-01-20 20:00:00+00:00,2018-01-20 13:00:00-07:00
7553,Calgary,Flames,103044585,2018-01-05 02:00:00+00:00,2018-01-04 19:00:00-07:00
7553,Calgary,Flames,103044612,2018-01-25 03:00:00+00:00,2018-01-24 20:00:00-07:00
7553,Calgary,Flames,103044616,2018-01-31 03:00:00+00:00,2018-01-30 20:00:00-07:00
7553,Calgary,Flames,103044620,2018-02-02 02:00:00+00:00,2018-02-01 19:00:00-07:00
7553,Calgary,Flames,103044626,2018-02-18 03:00:00+00:00,2018-02-17 20:00:00-07:00
7553,Calgary,Flames,103044681,2018-04-01 02:00:00+00:00,2018-03-31 20:00:00-06:00
7553,Calgary,Flames,103044658,2018-03-14 01:00:00+00:00,2018-03-13 19:00:00-06:00
7553,Calgary,Flames,103044662,2018-03-17 01:00:00+00:00,2018-03-16 19:00:00-06:00
7553,Calgary,Flames,103044674,2018-03-30 01:00:00+00:00,2018-03-29 19:00:00-06:00
7553,Calgary,Flames,103044644,2018-03-03 02:00:00+00:00,2018-03-02 19:00:00-07:00
7553,Calgary,Flames,103044652,2018-03-11 23:00:00+00:00,2018-03-11 17:00:00-06:00
7553,Calgary,Flames,103044693,2018-04-08 02:00:00+00:00,2018-04-07 20:00:00-06:00
7553,Calgary,Flames,103044630,2018-02-19 21:00:00+00:00,2018-02-19 14:00:00-07:00
7553,Calgary,Flames,103044669,2018-03-22 01:30:00+00:00,2018-03-21 19:30:00-06:00
7553,Calgary,Flames,103044688,2018-04-04 01:00:00+00:00,2018-04-03 19:00:00-06:00
7553,Calgary,Flames,103044590,2018-01-07 03:00:00+00:00,2018-01-06 20:00:00-07:00
7553,Calgary,Flames,103044622,2018-02-04 03:00:00+00:00,2018-02-03 20:00:00-07:00
7553,Calgary,Flames,103044608,2018-01-23 02:00:00+00:00,2018-01-22 19:00:00-07:00
7553,Calgary,Flames,103044642,2018-02-24 21:00:00+00:00,2018-02-24 14:00:00-07:00
7553,Calgary,Flames,103044559,2017-12-15 02:00:00+00:00,2017-12-14 19:00:00-07:00
7553,Calgary,Flames,103044567,2017-12-17 03:00:00+00:00,2017-12-16 20:00:00-07:00
7553,Calgary,Flames,103044571,2017-12-21 02:30:00+00:00,2017-12-20 19:30:00-07:00
7553,Calgary,Flames,103044577,2017-12-23 02:00:00+00:00,2017-12-22 19:00:00-07:00
7553,Calgary,Flames,103044579,2018-01-01 02:00:00+00:00,2017-12-31 19:00:00-07:00
7555,Edmonton,Oilers,103044031,2018-03-02 02:00:00+00:00,2018-03-01 19:00:00-07:00
7555,Edmonton,Oilers,103043996,2018-01-21 03:00:00+00:00,2018-01-20 20:00:00-07:00
7555,Edmonton,Oilers,103044046,2018-03-09 02:00:00+00:00,2018-03-08 19:00:00-07:00
7555,Edmonton,Oilers,103044000,2018-01-24 02:00:00+00:00,2018-01-23 19:00:00-07:00
7555,Edmonton,Oilers,103044041,2018-03-06 02:00:00+00:00,2018-03-05 19:00:00-07:00
7555,Edmonton,Oilers,103043991,2018-01-05 02:00:00+00:00,2018-01-04 19:00:00-07:00
7555,Edmonton,Oilers,103044056,2018-03-25 02:00:00+00:00,2018-03-24 20:00:00-06:00
7555,Edmonton,Oilers,103044013,2018-02-06 02:00:00+00:00,2018-02-05 19:00:00-07:00
7555,Edmonton,Oilers,103044070,2018-04-06 01:00:00+00:00,2018-04-05 19:00:00-06:00
7555,Edmonton,Oilers,103044054,2018-03-15 01:30:00+00:00,2018-03-14 19:30:00-06:00
7555,Edmonton,Oilers,103044005,2018-01-26 02:00:00+00:00,2018-01-25 19:00:00-07:00
7555,Edmonton,Oilers,103044036,2018-03-04 03:30:00+00:00,2018-03-03 20:30:00-07:00
7555,Edmonton,Oilers,103044051,2018-03-11 03:00:00+00:00,2018-03-10 20:00:00-07:00
7555,Edmonton,Oilers,103044061,2018-03-26 01:30:00+00:00,2018-03-25 19:30:00-06:00
7555,Edmonton,Oilers,103044017,2018-02-13 02:00:00+00:00,2018-02-12 19:00:00-07:00
7555,Edmonton,Oilers,103044022,2018-02-21 02:00:00+00:00,2018-02-20 19:00:00-07:00
7555,Edmonton,Oilers,103044073,2018-04-08 02:00:00+00:00,2018-04-07 20:00:00-06:00
7555,Edmonton,Oilers,103044008,2018-02-02 02:00:00+00:00,2018-02-01 19:00:00-07:00
7555,Edmonton,Oilers,103044026,2018-02-23 02:00:00+00:00,2018-02-22 19:00:00-07:00
7555,Edmonton,Oilers,103043977,2017-12-30 02:00:00+00:00,2017-12-29 19:00:00-07:00
7555,Edmonton,Oilers,103043982,2018-01-01 00:00:00+00:00,2017-12-31 17:00:00-07:00
7555,Edmonton,Oilers,103043969,2017-12-22 02:00:00+00:00,2017-12-21 19:00:00-07:00
7555,Edmonton,Oilers,103043963,2017-12-15 02:00:00+00:00,2017-12-14 19:00:00-07:00
7555,Edmonton,Oilers,103044066,2018-03-28 01:00:00+00:00,2018-03-27 19:00:00-06:00
7555,Edmonton,Oilers,103043965,2017-12-19 02:00:00+00:00,2017-12-18 19:00:00-07:00
7555,Edmonton,Oilers,103043974,2017-12-24 00:00:00+00:00,2017-12-23 17:00:00-07:00
7555,Edmonton,Oilers,103043986,2018-01-03 02:00:00+00:00,2018-01-02 19:00:00-07:00
7555,Edmonton,Oilers,103370113,2018-02-03 20:00:00+00:00,2018-02-03 13:00:00-07:00
1382,Los Angeles,Kings,103045121,2018-03-10 21:00:00+00:00,2018-03-10 13:00:00-08:00
1382,Los Angeles,Kings,103045126,2018-03-13 02:30:00+00:00,2018-03-12 19:30:00-07:00
1382,Los Angeles,Kings,103045131,2018-03-16 02:30:00+00:00,2018-03-15 19:30:00-07:00
1382,Los Angeles,Kings,103045136,2018-03-17 20:00:00+00:00,2018-03-17 13:00:00-07:00
1382,Los Angeles,Kings,103045146,2018-03-30 02:30:00+00:00,2018-03-29 19:30:00-07:00
1382,Los Angeles,Kings,103045041,2018-01-07 03:30:00+00:00,2018-01-06 19:30:00-08:00
1382,Los Angeles,Kings,103045051,2018-01-15 21:00:00+00:00,2018-01-15 13:00:00-08:00
1382,Los Angeles,Kings,103045159,2018-04-08 02:30:00+00:00,2018-04-07 19:30:00-07:00
1382,Los Angeles,Kings,103045089,2018-03-02 03:30:00+00:00,2018-03-01 19:30:00-08:00
1382,Los Angeles,Kings,103045073,2018-02-08 03:30:00+00:00,2018-02-07 19:30:00-08:00
1382,Los Angeles,Kings,103137901,2018-01-10 03:30:00+00:00,2018-01-09 19:30:00-08:00
1382,Los Angeles,Kings,103045077,2018-02-23 03:30:00+00:00,2018-02-22 19:30:00-08:00
1382,Los Angeles,Kings,103138404,2018-01-13 20:30:00+00:00,2018-01-13 12:30:00-08:00
1382,Los Angeles,Kings,103045062,2018-01-22 03:30:00+00:00,2018-01-21 19:30:00-08:00
1382,Los Angeles,Kings,103045154,2018-04-06 02:30:00+00:00,2018-04-05 19:30:00-07:00
1382,Los Angeles,Kings,103138362,2017-12-27 03:30:00+00:00,2017-12-26 19:30:00-08:00
1382,Los Angeles,Kings,103045084,2018-02-27 03:30:00+00:00,2018-02-26 19:30:00-08:00
1382,Los Angeles,Kings,103045069,2018-02-04 03:30:00+00:00,2018-02-03 19:30:00-08:00
1382,Los Angeles,Kings,103045057,2018-01-19 03:30:00+00:00,2018-01-18 19:30:00-08:00
1382,Los Angeles,Kings,103045110,2018-03-03 21:00:00+00:00,2018-03-03 13:00:00-08:00
1382,Los Angeles,Kings,103045081,2018-02-25 03:00:00+00:00,2018-02-24 19:00:00-08:00
1382,Los Angeles,Kings,103045045,2018-01-14 03:30:00+00:00,2018-01-13 19:30:00-08:00
1382,Los Angeles,Kings,103045115,2018-03-09 03:30:00+00:00,2018-03-08 19:30:00-08:00
1382,Los Angeles,Kings,103137972,2018-04-02 01:30:00+00:00,2018-04-01 18:30:00-07:00
1382,Los Angeles,Kings,103045149,2018-04-03 02:30:00+00:00,2018-04-02 19:30:00-07:00
1382,Los Angeles,Kings,103045032,2017-12-29 03:30:00+00:00,2017-12-28 19:30:00-08:00
1382,Los Angeles,Kings,103045029,2017-12-22 03:30:00+00:00,2017-12-21 19:30:00-08:00
1382,Los Angeles,Kings,103045142,2018-03-27 02:30:00+00:00,2018-03-26 19:30:00-07:00
145,San Jose,Sharks,103043672,2018-02-09 03:30:00+00:00,2018-02-08 19:30:00-08:00
145,San Jose,Sharks,103043676,2018-02-14 03:30:00+00:00,2018-02-13 19:30:00-08:00
145,San Jose,Sharks,103043700,2018-03-05 02:00:00+00:00,2018-03-04 18:00:00-08:00
145,San Jose,Sharks,103043703,2018-03-09 03:30:00+00:00,2018-03-08 19:30:00-08:00
145,San Jose,Sharks,103043678,2018-02-16 03:30:00+00:00,2018-02-15 19:30:00-08:00
145,San Jose,Sharks,103043688,2018-02-28 03:30:00+00:00,2018-02-27 19:30:00-08:00
145,San Jose,Sharks,103043693,2018-03-02 03:30:00+00:00,2018-03-01 19:30:00-08:00
145,San Jose,Sharks,103043664,2018-01-14 03:30:00+00:00,2018-01-13 19:30:00-08:00
145,San Jose,Sharks,103043682,2018-02-19 01:00:00+00:00,2018-02-18 17:00:00-08:00
145,San Jose,Sharks,103043710,2018-03-10 21:00:00+00:00,2018-03-10 13:00:00-08:00
145,San Jose,Sharks,103043721,2018-03-23 02:30:00+00:00,2018-03-22 19:30:00-07:00
145,San Jose,Sharks,103043733,2018-04-08 02:30:00+00:00,2018-04-07 19:30:00-07:00
145,San Jose,Sharks,103043666,2018-01-21 01:00:00+00:00,2018-01-20 17:00:00-08:00
145,San Jose,Sharks,103043668,2018-01-24 03:30:00+00:00,2018-01-23 19:30:00-08:00
145,San Jose,Sharks,103043674,2018-02-11 03:00:00+00:00,2018-02-10 19:00:00-08:00
145,San Jose,Sharks,103043712,2018-03-13 02:30:00+00:00,2018-03-12 19:30:00-07:00
145,San Jose,Sharks,103043725,2018-03-24 20:00:00+00:00,2018-03-24 13:00:00-07:00
145,San Jose,Sharks,103043670,2018-01-26 03:30:00+00:00,2018-01-25 19:30:00-08:00
145,San Jose,Sharks,103043729,2018-04-04 02:30:00+00:00,2018-04-03 19:30:00-07:00
145,San Jose,Sharks,103043731,2018-04-06 02:30:00+00:00,2018-04-05 19:30:00-07:00
145,San Jose,Sharks,103043662,2017-12-29 03:30:00+00:00,2017-12-28 19:30:00-08:00
145,San Jose,Sharks,103043658,2017-12-22 03:30:00+00:00,2017-12-21 19:30:00-08:00
145,San Jose,Sharks,103043660,2017-12-24 03:30:00+00:00,2017-12-23 19:30:00-08:00
145,San Jose,Sharks,103043716,2018-03-21 02:30:00+00:00,2018-03-20 19:30:00-07:00
7552,Vancouver,Canucks,103044450,2018-03-08 03:00:00+00:00,2018-03-07 19:00:00-08:00
7552,Vancouver,Canucks,103044466,2018-04-04 02:00:00+00:00,2018-04-03 19:00:00-07:00
7552,Vancouver,Canucks,103044449,2018-03-06 03:00:00+00:00,2018-03-05 19:00:00-08:00
7552,Vancouver,Canucks,103044421,2018-01-24 03:00:00+00:00,2018-01-23 19:00:00-08:00
7552,Vancouver,Canucks,103044453,2018-03-10 03:00:00+00:00,2018-03-09 19:00:00-08:00
7552,Vancouver,Canucks,103044425,2018-01-26 03:00:00+00:00,2018-01-25 19:00:00-08:00
7552,Vancouver,Canucks,103044433,2018-02-02 03:00:00+00:00,2018-02-01 19:00:00-08:00
7552,Vancouver,Canucks,103044436,2018-02-04 03:00:00+00:00,2018-02-03 19:00:00-08:00
7552,Vancouver,Canucks,103044442,2018-02-18 03:00:00+00:00,2018-02-17 19:00:00-08:00
7552,Vancouver,Canucks,103044445,2018-03-01 03:00:00+00:00,2018-02-28 19:00:00-08:00
7552,Vancouver,Canucks,103044469,2018-04-06 02:00:00+00:00,2018-04-05 19:00:00-07:00
7552,Vancouver,Canucks,103044455,2018-03-18 02:00:00+00:00,2018-03-17 19:00:00-07:00
7552,Vancouver,Canucks,103044462,2018-03-31 20:00:00+00:00,2018-03-31 13:00:00-07:00
7552,Vancouver,Canucks,103044447,2018-03-03 03:00:00+00:00,2018-03-02 19:00:00-08:00
7552,Vancouver,Canucks,103044438,2018-02-15 03:00:00+00:00,2018-02-14 19:00:00-08:00
7552,Vancouver,Canucks,103044460,2018-03-30 02:00:00+00:00,2018-03-29 19:00:00-07:00
7552,Vancouver,Canucks,103044429,2018-01-31 03:00:00+00:00,2018-01-30 19:00:00-08:00
7552,Vancouver,Canucks,103044444,2018-02-21 03:00:00+00:00,2018-02-20 19:00:00-08:00
7552,Vancouver,Canucks,103044408,2017-12-29 03:00:00+00:00,2017-12-28 19:00:00-08:00
7552,Vancouver,Canucks,103044391,2017-12-16 03:00:00+00:00,2017-12-15 19:00:00-08:00
7552,Vancouver,Canucks,103044399,2017-12-20 03:00:00+00:00,2017-12-19 19:00:00-08:00
7552,Vancouver,Canucks,103044389,2017-12-14 03:00:00+00:00,2017-12-13 19:00:00-08:00
7552,Vancouver,Canucks,103044411,2017-12-31 03:00:00+00:00,2017-12-30 19:00:00-08:00
7552,Vancouver,Canucks,103044403,2017-12-24 03:00:00+00:00,2017-12-23 19:00:00-08:00
7552,Vancouver,Canucks,103044394,2017-12-18 01:00:00+00:00,2017-12-17 17:00:00-08:00
7552,Vancouver,Canucks,103044458,2018-03-28 02:00:00+00:00,2018-03-27 19:00:00-07:00
7552,Vancouver,Canucks,103044416,2018-01-03 03:00:00+00:00,2018-01-02 19:00:00-08:00
2768,Colorado,Avalanche,103045303,2018-01-07 02:00:00+00:00,2018-01-06 19:00:00-07:00
2768,Colorado,Avalanche,103045401,2018-03-29 02:00:00+00:00,2018-03-28 20:00:00-06:00
2768,Colorado,Avalanche,103045384,2018-03-23 01:00:00+00:00,2018-03-22 19:00:00-06:00
2768,Colorado,Avalanche,103045339,2018-03-01 02:30:00+00:00,2018-02-28 19:30:00-07:00
2768,Colorado,Avalanche,103045335,2018-02-27 02:00:00+00:00,2018-02-26 19:00:00-07:00
2768,Colorado,Avalanche,103045417,2018-04-08 01:00:00+00:00,2018-04-07 19:00:00-06:00
2768,Colorado,Avalanche,103045317,2018-01-20 20:00:00+00:00,2018-01-20 13:00:00-07:00
2768,Colorado,Avalanche,103045354,2018-03-04 20:00:00+00:00,2018-03-04 13:00:00-07:00
2768,Colorado,Avalanche,103045331,2018-02-18 20:00:00+00:00,2018-02-18 13:00:00-07:00
2768,Colorado,Avalanche,103045347,2018-03-03 02:00:00+00:00,2018-03-02 19:00:00-07:00
2768,Colorado,Avalanche,103045299,2018-01-05 02:00:00+00:00,2018-01-04 19:00:00-07:00
2768,Colorado,Avalanche,103045307,2018-01-15 20:00:00+00:00,2018-01-15 13:00:00-07:00
2768,Colorado,Avalanche,103045370,2018-03-17 01:00:00+00:00,2018-03-16 19:00:00-06:00
2768,Colorado,Avalanche,103045375,2018-03-18 19:00:00+00:00,2018-03-18 13:00:00-06:00
2768,Colorado,Avalanche,103045408,2018-03-31 01:00:00+00:00,2018-03-30 19:00:00-06:00
2768,Colorado,Avalanche,103045313,2018-01-19 02:00:00+00:00,2018-01-18 19:00:00-07:00
2768,Colorado,Avalanche,103045361,2018-03-10 20:00:00+00:00,2018-03-10 13:00:00-07:00
2768,Colorado,Avalanche,103045392,2018-03-24 19:00:00+00:00,2018-03-24 13:00:00-06:00
2768,Colorado,Avalanche,103045321,2018-02-07 02:00:00+00:00,2018-02-06 19:00:00-07:00
2768,Colorado,Avalanche,103045327,2018-02-15 02:30:00+00:00,2018-02-14 19:30:00-07:00
2768,Colorado,Avalanche,103045249,2017-12-15 02:00:00+00:00,2017-12-14 19:00:00-07:00
2768,Colorado,Avalanche,103045254,2017-12-17 02:00:00+00:00,2017-12-16 19:00:00-07:00
2768,Colorado,Avalanche,103045273,2017-12-28 02:00:00+00:00,2017-12-27 19:00:00-07:00
2768,Colorado,Avalanche,103045282,2017-12-30 02:00:00+00:00,2017-12-29 19:00:00-07:00
2768,Colorado,Avalanche,103045287,2018-01-01 01:00:00+00:00,2017-12-31 18:00:00-07:00
2768,Colorado,Avalanche,103045292,2018-01-03 02:00:00+00:00,2018-01-02 19:00:00-07:00
2768,Colorado,Avalanche,103045263,2017-12-19 02:00:00+00:00,2017-12-18 19:00:00-07:00
2766,Dallas,Stars,103044677,2018-03-24 00:30:00+00:00,2018-03-23 19:30:00-05:00
2766,Dallas,Stars,103044699,2018-04-01 00:00:00+00:00,2018-03-31 19:00:00-05:00
2766,Dallas,Stars,103044600,2018-01-05 01:30:00+00:00,2018-01-04 19:30:00-06:00
2766,Dallas,Stars,103044602,2018-01-06 20:00:00+00:00,2018-01-06 14:00:00-06:00
2766,Dallas,Stars,103044650,2018-03-02 01:30:00+00:00,2018-03-01 19:30:00-06:00
2766,Dallas,Stars,103044614,2018-01-26 01:30:00+00:00,2018-01-25 19:30:00-06:00
2766,Dallas,Stars,103044624,2018-02-04 01:00:00+00:00,2018-02-03 19:00:00-06:00
2766,Dallas,Stars,103044634,2018-02-11 21:00:00+00:00,2018-02-11 15:00:00-06:00
2766,Dallas,Stars,103044640,2018-02-28 01:30:00+00:00,2018-02-27 19:30:00-06:00
2766,Dallas,Stars,103044618,2018-01-31 01:30:00+00:00,2018-01-30 19:30:00-06:00
2766,Dallas,Stars,103044628,2018-02-06 01:30:00+00:00,2018-02-05 19:30:00-06:00
2766,Dallas,Stars,103044632,2018-02-10 01:30:00+00:00,2018-02-09 19:30:00-06:00
2766,Dallas,Stars,103044686,2018-03-25 23:00:00+00:00,2018-03-25 18:00:00-05:00
2766,Dallas,Stars,103044638,2018-02-25 00:00:00+00:00,2018-02-24 18:00:00-06:00
2766,Dallas,Stars,103044672,2018-03-10 01:30:00+00:00,2018-03-09 19:30:00-06:00
2766,Dallas,Stars,103044636,2018-02-17 01:30:00+00:00,2018-02-16 19:30:00-06:00
2766,Dallas,Stars,103044654,2018-03-03 19:00:00+00:00,2018-03-03 13:00:00-06:00
2766,Dallas,Stars,103044665,2018-03-06 01:30:00+00:00,2018-03-05 19:30:00-06:00
2766,Dallas,Stars,103044610,2018-01-24 01:30:00+00:00,2018-01-23 19:30:00-06:00
2766,Dallas,Stars,103044606,2018-01-14 02:00:00+00:00,2018-01-13 20:00:00-06:00
2766,Dallas,Stars,103044563,2017-12-20 01:30:00+00:00,2017-12-19 19:30:00-06:00
2766,Dallas,Stars,103044581,2017-12-30 01:30:00+00:00,2017-12-29 19:30:00-06:00
2766,Dallas,Stars,103044569,2017-12-22 01:30:00+00:00,2017-12-21 19:30:00-06:00
2766,Dallas,Stars,103044583,2018-01-01 01:00:00+00:00,2017-12-31 19:00:00-06:00
2766,Dallas,Stars,103044594,2018-01-03 01:30:00+00:00,2018-01-02 19:30:00-06:00
2766,Dallas,Stars,103044695,2018-03-28 00:30:00+00:00,2018-03-27 19:30:00-05:00
2766,Dallas,Stars,103044573,2017-12-24 01:00:00+00:00,2017-12-23 19:00:00-06:00
2985,Minnesota,Wild,103045101,2018-01-05 01:00:00+00:00,2018-01-04 19:00:00-06:00
2985,Minnesota,Wild,103045104,2018-01-10 01:00:00+00:00,2018-01-09 19:00:00-06:00
2985,Minnesota,Wild,103045156,2018-02-17 19:00:00+00:00,2018-02-17 13:00:00-06:00
2985,Minnesota,Wild,103045086,2017-12-16 19:00:00+00:00,2017-12-16 13:00:00-06:00
2985,Minnesota,Wild,103045168,2018-03-07 01:00:00+00:00,2018-03-06 19:00:00-06:00
2985,Minnesota,Wild,103045094,2017-12-30 01:00:00+00:00,2017-12-29 19:00:00-06:00
2985,Minnesota,Wild,103045117,2018-01-21 02:00:00+00:00,2018-01-20 20:00:00-06:00
2985,Minnesota,Wild,103045166,2018-03-05 00:30:00+00:00,2018-03-04 18:30:00-06:00
2985,Minnesota,Wild,103045183,2018-04-03 00:00:00+00:00,2018-04-02 19:00:00-05:00
2985,Minnesota,Wild,103045129,2018-02-03 01:00:00+00:00,2018-02-02 19:00:00-06:00
2985,Minnesota,Wild,103045134,2018-02-09 01:00:00+00:00,2018-02-08 19:00:00-06:00
2985,Minnesota,Wild,103045079,2017-12-15 01:00:00+00:00,2017-12-14 19:00:00-06:00
2985,Minnesota,Wild,103045139,2018-02-11 01:00:00+00:00,2018-02-10 19:00:00-06:00
2985,Minnesota,Wild,103045151,2018-02-16 01:00:00+00:00,2018-02-15 19:00:00-06:00
2985,Minnesota,Wild,103045164,2018-02-28 01:00:00+00:00,2018-02-27 19:00:00-06:00
2985,Minnesota,Wild,103045181,2018-03-30 00:00:00+00:00,2018-03-29 19:00:00-05:00
2985,Minnesota,Wild,103045107,2018-01-14 00:00:00+00:00,2018-01-13 18:00:00-06:00
2985,Minnesota,Wild,103045113,2018-01-15 00:00:00+00:00,2018-01-14 18:00:00-06:00
2985,Minnesota,Wild,103045176,2018-03-25 00:00:00+00:00,2018-03-24 19:00:00-05:00
2985,Minnesota,Wild,103045098,2018-01-03 01:00:00+00:00,2018-01-02 19:00:00-06:00
2985,Minnesota,Wild,103045144,2018-02-14 01:00:00+00:00,2018-02-13 19:00:00-06:00
2985,Minnesota,Wild,103045161,2018-02-26 01:00:00+00:00,2018-02-25 19:00:00-06:00
2985,Minnesota,Wild,103045179,2018-03-25 23:30:00+00:00,2018-03-25 18:30:00-05:00
2985,Minnesota,Wild,103045092,2017-12-28 01:00:00+00:00,2017-12-27 19:00:00-06:00
2985,Minnesota,Wild,103045123,2018-01-23 01:00:00+00:00,2018-01-22 19:00:00-06:00
2985,Minnesota,Wild,103045172,2018-03-20 00:00:00+00:00,2018-03-19 19:00:00-05:00
2985,Minnesota,Wild,103045170,2018-03-14 00:00:00+00:00,2018-03-13 19:00:00-05:00
6351,Nashville,Predators,103044298,2017-12-20 01:00:00+00:00,2017-12-19 19:00:00-06:00
6351,Nashville,Predators,103044430,2018-04-08 00:00:00+00:00,2018-04-07 19:00:00-05:00
6351,Nashville,Predators,103044303,2017-12-22 01:00:00+00:00,2017-12-21 19:00:00-06:00
6351,Nashville,Predators,103044312,2018-01-17 01:00:00+00:00,2018-01-16 19:00:00-06:00
6351,Nashville,Predators,103044320,2018-01-19 01:00:00+00:00,2018-01-18 19:00:00-06:00
6351,Nashville,Predators,103044349,2018-02-04 01:00:00+00:00,2018-02-03 19:00:00-06:00
6351,Nashville,Predators,103044387,2018-03-09 01:00:00+00:00,2018-03-08 19:00:00-06:00
6351,Nashville,Predators,103044381,2018-03-07 01:00:00+00:00,2018-03-06 19:00:00-06:00
6351,Nashville,Predators,103044423,2018-04-01 00:00:00+00:00,2018-03-31 19:00:00-05:00
6351,Nashville,Predators,103044334,2018-01-31 01:00:00+00:00,2018-01-30 19:00:00-06:00
6351,Nashville,Predators,103044306,2017-12-31 01:00:00+00:00,2017-12-30 19:00:00-06:00
6351,Nashville,Predators,103044324,2018-01-21 01:00:00+00:00,2018-01-20 19:00:00-06:00
6351,Nashville,Predators,103044343,2018-02-02 01:00:00+00:00,2018-02-01 19:00:00-06:00
6351,Nashville,Predators,103044310,2018-01-10 01:00:00+00:00,2018-01-09 19:00:00-06:00
6351,Nashville,Predators,103044364,2018-02-18 01:00:00+00:00,2018-02-17 19:00:00-06:00
6351,Nashville,Predators,103044370,2018-02-20 01:00:00+00:00,2018-02-19 19:00:00-06:00
6351,Nashville,Predators,103044377,2018-02-26 01:00:00+00:00,2018-02-25 19:00:00-06:00
6351,Nashville,Predators,103044400,2018-03-14 00:00:00+00:00,2018-03-13 19:00:00-05:00
6351,Nashville,Predators,103044353,2018-02-14 01:00:00+00:00,2018-02-13 19:00:00-06:00
6351,Nashville,Predators,103044329,2018-01-24 01:00:00+00:00,2018-01-23 19:00:00-06:00
6351,Nashville,Predators,103044359,2018-02-16 01:00:00+00:00,2018-02-15 19:00:00-06:00
6351,Nashville,Predators,103044374,2018-02-23 01:00:00+00:00,2018-02-22 19:00:00-06:00
6351,Nashville,Predators,103044392,2018-03-11 01:00:00+00:00,2018-03-10 19:00:00-06:00
6351,Nashville,Predators,103044417,2018-03-30 00:00:00+00:00,2018-03-29 19:00:00-05:00
6351,Nashville,Predators,103044406,2018-03-23 00:00:00+00:00,2018-03-22 19:00:00-05:00
6351,Nashville,Predators,103044412,2018-03-28 00:00:00+00:00,2018-03-27 19:00:00-05:00
3086,St. Louis,Blues,103044862,2017-12-28 01:00:00+00:00,2017-12-27 19:00:00-06:00
3086,St. Louis,Blues,103044948,2018-03-16 00:00:00+00:00,2018-03-15 19:00:00-05:00
3086,St. Louis,Blues,103044899,2018-01-21 01:00:00+00:00,2018-01-20 19:00:00-06:00
3086,St. Louis,Blues,103044927,2018-02-09 01:00:00+00:00,2018-02-08 19:00:00-06:00
3086,St. Louis,Blues,103044941,2018-03-01 01:00:00+00:00,2018-02-28 19:00:00-06:00
3086,St. Louis,Blues,103044930,2018-02-11 20:00:00+00:00,2018-02-11 14:00:00-06:00
3086,St. Louis,Blues,103044934,2018-02-21 01:00:00+00:00,2018-02-20 19:00:00-06:00
3086,St. Louis,Blues,103044954,2018-03-18 00:00:00+00:00,2018-03-17 19:00:00-05:00
3086,St. Louis,Blues,103044846,2017-12-15 01:00:00+00:00,2017-12-14 19:00:00-06:00
3086,St. Louis,Blues,103044870,2017-12-31 01:00:00+00:00,2017-12-30 19:00:00-06:00
3086,St. Louis,Blues,103044886,2018-01-05 01:00:00+00:00,2018-01-04 19:00:00-06:00
3086,St. Louis,Blues,103044961,2018-03-22 00:00:00+00:00,2018-03-21 19:00:00-05:00
3086,St. Louis,Blues,103044967,2018-03-24 00:00:00+00:00,2018-03-23 19:00:00-05:00
3086,St. Louis,Blues,103044894,2018-01-10 01:00:00+00:00,2018-01-09 19:00:00-06:00
3086,St. Louis,Blues,103044912,2018-01-26 01:00:00+00:00,2018-01-25 19:00:00-06:00
3086,St. Louis,Blues,103044853,2017-12-17 00:00:00+00:00,2017-12-16 18:00:00-06:00
3086,St. Louis,Blues,103044979,2018-04-03 00:00:00+00:00,2018-04-02 19:00:00-05:00
3086,St. Louis,Blues,103044877,2018-01-03 01:00:00+00:00,2018-01-02 19:00:00-06:00
3086,St. Louis,Blues,103044904,2018-01-24 01:00:00+00:00,2018-01-23 19:00:00-06:00
3086,St. Louis,Blues,103044938,2018-02-24 01:00:00+00:00,2018-02-23 19:00:00-06:00
3086,St. Louis,Blues,103044919,2018-01-31 01:00:00+00:00,2018-01-30 19:00:00-06:00
3086,St. Louis,Blues,103044925,2018-02-07 01:00:00+00:00,2018-02-06 19:00:00-06:00
3086,St. Louis,Blues,103044986,2018-04-05 00:00:00+00:00,2018-04-04 19:00:00-05:00
3086,St. Louis,Blues,103044975,2018-03-28 00:00:00+00:00,2018-03-27 19:00:00-05:00
508938,Winnipeg,Jets,103045494,2017-12-28 01:00:00+00:00,2017-12-27 19:00:00-06:00
508938,Winnipeg,Jets,103045514,2018-02-11 20:00:00+00:00,2018-02-11 14:00:00-06:00
508938,Winnipeg,Jets,103045515,2018-02-14 01:00:00+00:00,2018-02-13 19:00:00-06:00
508938,Winnipeg,Jets,103045497,2017-12-30 01:00:00+00:00,2017-12-29 19:00:00-06:00
508938,Winnipeg,Jets,103045501,2018-01-07 20:00:00+00:00,2018-01-07 14:00:00-06:00
508938,Winnipeg,Jets,103045517,2018-02-19 01:00:00+00:00,2018-02-18 19:00:00-06:00
508938,Winnipeg,Jets,103045524,2018-03-16 00:00:00+00:00,2018-03-15 19:00:00-05:00
508938,Winnipeg,Jets,103045528,2018-03-21 00:00:00+00:00,2018-03-20 19:00:00-05:00
508938,Winnipeg,Jets,103045529,2018-03-24 00:00:00+00:00,2018-03-23 19:00:00-05:00
508938,Winnipeg,Jets,103045492,2017-12-17 23:00:00+00:00,2017-12-17 17:00:00-06:00
508938,Winnipeg,Jets,103045512,2018-02-10 01:00:00+00:00,2018-02-09 19:00:00-06:00
508938,Winnipeg,Jets,103045539,2018-04-07 23:00:00+00:00,2018-04-07 18:00:00-05:00
508938,Winnipeg,Jets,103045503,2018-01-22 01:00:00+00:00,2018-01-21 19:00:00-06:00
508938,Winnipeg,Jets,103045526,2018-03-18 23:30:00+00:00,2018-03-18 18:30:00-05:00
508938,Winnipeg,Jets,103045531,2018-03-25 23:00:00+00:00,2018-03-25 18:00:00-05:00
508938,Winnipeg,Jets,103045490,2017-12-15 01:00:00+00:00,2017-12-14 19:00:00-06:00
508938,Winnipeg,Jets,103045506,2018-01-31 01:00:00+00:00,2018-01-30 19:00:00-06:00
508938,Winnipeg,Jets,103045511,2018-02-07 01:00:00+00:00,2018-02-06 19:00:00-06:00
508938,Winnipeg,Jets,103045518,2018-02-21 01:00:00+00:00,2018-02-20 19:00:00-06:00
508938,Winnipeg,Jets,103045520,2018-02-28 01:00:00+00:00,2018-02-27 19:00:00-06:00
508938,Winnipeg,Jets,103045537,2018-04-06 00:00:00+00:00,2018-04-05 19:00:00-05:00
508938,Winnipeg,Jets,103045499,2018-01-06 01:00:00+00:00,2018-01-05 19:00:00-06:00
508938,Winnipeg,Jets,103045507,2018-02-02 01:00:00+00:00,2018-02-01 19:00:00-06:00
508938,Winnipeg,Jets,103045522,2018-03-03 01:00:00+00:00,2018-03-02 19:00:00-06:00
508938,Winnipeg,Jets,103045533,2018-03-28 00:00:00+00:00,2018-03-27 19:00:00-05:00
508938,Winnipeg,Jets,103045509,2018-02-04 00:00:00+00:00,2018-02-03 18:00:00-06:00
508938,Winnipeg,Jets,103045516,2018-02-17 01:00:00+00:00,2018-02-16 19:00:00-06:00
